latitude,longitude,dataset_type,gcc_objectid,gcc_zone,gcc_ward,gcc_location,nearest_drain_distance_km,drain_width_m,drain_depth_m,drain_length_km,drain_type,water_flow,drain_status,drain_size_raw,drain_width_raw,drain_depth_raw,drain_length_raw_m,drain_width_source,drain_depth_source,drain_length_source,geometry_length_m,distance_to_drain_m
12.9,80.1,BACKGROUND,7444,N14,191,"Jalladianpet, Chennai",10.284995,0.3,0.3,0.225224,SIDE_DRAIN,YES,GOOD,0.30 x 0.30,0.3,0.3,225.224,drain_size,drain_size,drain_len,225.224,10284.995
12.9,80.16,BACKGROUND,7444,N14,191,"Jalladianpet, Chennai",3.901578,0.3,0.3,0.225224,SIDE_DRAIN,YES,GOOD,0.30 x 0.30,0.3,0.3,225.224,drain_size,drain_size,drain_len,225.224,3901.578
12.9,80.22,BACKGROUND,7815,N15,199,"Sholinganallur, Chennai",0.346387,0.75,0.75,0.241122,SIDE_DRAIN,YES,GOOD,0.75 x 0.75,0.75,0.75,241.122,drain_size,drain_size,drain_len,241.122,346.387
12.9,80.28,BACKGROUND,7664,N15,194,"Injambakkam, Chennai",3.395331,0.75,0.75,0.217576,SWD,YES,GOOD,0.75 x 0.75,0.75,0.75,217.576101773,drain_size,drain_size,drain_len,217.576,3395.331
12.9,80.345,BACKGROUND,7664,N15,194,"Injambakkam, Chennai",9.822394,0.75,0.75,0.217576,SWD,YES,GOOD,0.75 x 0.75,0.75,0.75,217.576101773,drain_size,drain_size,drain_len,217.576,9822.394
12.905,80.15,BACKGROUND,7444,N14,191,"Jalladianpet, Chennai",4.834169,0.3,0.3,0.225224,SIDE_DRAIN,YES,GOOD,0.30 x 0.30,0.3,0.3,225.224,drain_size,drain_size,drain_len,225.224,4834.169
12.905,80.215,BACKGROUND,7815,N15,199,"Sholinganallur, Chennai",1.119192,0.75,0.75,0.241122,SIDE_DRAIN,YES,GOOD,0.75 x 0.75,0.75,0.75,241.122,drain_size,drain_size,drain_len,241.122,1119.192
12.905,80.28,BACKGROUND,7664,N15,194,"Injambakkam, Chennai",3.047986,0.75,0.75,0.217576,SWD,YES,GOOD,0.75 x 0.75,0.75,0.75,217.576101773,drain_size,drain_size,drain_len,217.576,3047.986
12.905,80.34,BACKGROUND,7664,N15,194,"Injambakkam, Chennai",9.174457,0.75,0.75,0.217576,SWD,YES,GOOD,0.75 x 0.75,0.75,0.75,217.576101773,drain_size,drain_size,drain_len,217.576,9174.457
12.91,80.145,BACKGROUND,7444,N14,191,"Jalladianpet, Chennai",5.329772,0.3,0.3,0.225224,SIDE_DRAIN,YES,GOOD,0.30 x 0.30,0.3,0.3,225.224,drain_size,drain_size,drain_len,225.224,5329.772
12.91,80.22,BACKGROUND,7808,N15,198,"Sholinganallur, Chennai",1.002207,0.6,0.6,0.354829,SIDE_DRAIN,YES,GOOD,0.60 x 0.60,0.6,0.6,354.82867821,drain_size,drain_size,drain_len,354.829,1002.207
12.91,80.295,BACKGROUND,7664,N15,194,"Injambakkam, Chennai",4.294217,0.75,0.75,0.217576,SWD,YES,GOOD,0.75 x 0.75,0.75,0.75,217.576101773,drain_size,drain_size,drain_len,217.576,4294.217
12.915,80.1,BACKGROUND,7444,N14,191,"Jalladianpet, Chennai",10.219046,0.3,0.3,0.225224,SIDE_DRAIN,YES,GOOD,0.30 x 0.30,0.3,0.3,225.224,drain_size,drain_size,drain_len,225.224,10219.046
12.915,80.16,BACKGROUND,7444,N14,191,"Jalladianpet, Chennai",3.724985,0.3,0.3,0.225224,SIDE_DRAIN,YES,GOOD,0.30 x 0.30,0.3,0.3,225.224,drain_size,drain_size,drain_len,225.224,3724.985
12.915,80.255,BACKGROUND,7664,N15,194,"Injambakkam, Chennai",0.575813,0.75,0.75,0.217576,SWD,YES,GOOD,0.75 x 0.75,0.75,0.75,217.576101773,drain_size,drain_size,drain_len,217.576,575.813
12.915,80.315,BACKGROUND,7664,N15,194,"Injambakkam, Chennai",6.32636,0.75,0.75,0.217576,SWD,YES,GOOD,0.75 x 0.75,0.75,0.75,217.576101773,drain_size,drain_size,drain_len,217.576,6326.36
12.92,80.12,BACKGROUND,7444,N14,191,"Jalladianpet, Chennai",8.09946,0.3,0.3,0.225224,SIDE_DRAIN,YES,GOOD,0.30 x 0.30,0.3,0.3,225.224,drain_size,drain_size,drain_len,225.224,8099.46
12.92,80.18,BACKGROUND,7448,N14,191,"Jalladianpet, Chennai",1.798119,0.7,0.7,0.042043,SIDE_DRAIN,YES,GOOD,0.70 x 0.70,0.7,0.7,42.043,drain_size,drain_size,drain_len,42.043,1798.119
12.92,80.25,BACKGROUND,7661,N15,194,"Injambakkam, Chennai",0.404719,1.07,1.07,0.376299,SWD,YES,GOOD,1.07 x 1.07,1.07,1.07,376.298827707,drain_size,drain_size,drain_len,376.299,404.719
12.92,80.31,BACKGROUND,7664,N15,194,"Injambakkam, Chennai",5.751508,0.75,0.75,0.217576,SWD,YES,GOOD,0.75 x 0.75,0.75,0.75,217.576101773,drain_size,drain_size,drain_len,217.576,5751.508
12.925,80.115,BACKGROUND,4244,N12,159,"Meenambakkam, Chennai",8.419262,1.65,1.65,1.140986,SWD,YES,GOOD,1.65 x 1.65,1.65,1.65,1140.98597245,drain_size,drain_size,drain_len,1140.986,8419.262
12.925,80.18,BACKGROUND,7418,N14,190,"Jalladianpet, Chennai",1.883621,1.51,1.51,1.611079,SWD,YES,GOOD,1.51 x 1.51,1.51,1.51,1611.079,drain_size,drain_size,drain_len,1611.079,1883.621
12.925,80.25,BACKGROUND,7677,N15,194,"Injambakkam, Chennai",0.105948,1.45,1.45,0.67071,SWD,YES,GOOD,1.45 x 1.45,1.45,1.45,670.710186999,drain_size,drain_size,drain_len,670.71,105.948
12.925,80.31,BACKGROUND,7664,N15,194,"Injambakkam, Chennai",5.768999,0.75,0.75,0.217576,SWD,YES,GOOD,0.75 x 0.75,0.75,0.75,217.576101773,drain_size,drain_size,drain_len,217.576,5768.999
12.93,80.115,BACKGROUND,4244,N12,159,"Meenambakkam, Chennai",8.017697,1.65,1.65,1.140986,SWD,YES,GOOD,1.65 x 1.65,1.65,1.65,1140.98597245,drain_size,drain_size,drain_len,1140.986,8017.697
12.93,80.18,BACKGROUND,7418,N14,190,"Jalladianpet, Chennai",1.926163,1.51,1.51,1.611079,SWD,YES,GOOD,1.51 x 1.51,1.51,1.51,1611.079,drain_size,drain_size,drain_len,1611.079,1926.163
12.93,80.26,BACKGROUND,7664,N15,194,"Injambakkam, Chennai",1.063621,0.75,0.75,0.217576,SWD,YES,GOOD,0.75 x 0.75,0.75,0.75,217.576101773,drain_size,drain_size,drain_len,217.576,1063.621
12.93,80.32,BACKGROUND,7594,N15,192,"Neelangarai, Chennai",6.82761,0.4,0.4,0.27067,SIDE_DRAIN,YES,BAD,0.40 x 0.40,0.4,0.4,270.669742524,drain_size,drain_size,drain_len,270.67,6827.61
12.935,80.13,BACKGROUND,4244,N12,159,"Meenambakkam, Chennai",6.524078,1.65,1.65,1.140986,SWD,YES,GOOD,1.65 x 1.65,1.65,1.65,1140.98597245,drain_size,drain_size,drain_len,1140.986,6524.078
12.935,80.19,BACKGROUND,7419,N14,190,"Jalladianpet, Chennai",1.189448,0.75,0.75,0.211452,SWD,YES,GOOD,0.75 x 0.75,0.75,0.75,211.452,drain_size,drain_size,drain_len,211.452,1189.448
12.935,80.28,BACKGROUND,7594,N15,192,"Neelangarai, Chennai",2.884634,0.4,0.4,0.27067,SIDE_DRAIN,YES,BAD,0.40 x 0.40,0.4,0.4,270.669742524,drain_size,drain_size,drain_len,270.67,2884.634
12.935,80.34,BACKGROUND,7594,N15,192,"Neelangarai, Chennai",8.683754,0.4,0.4,0.27067,SIDE_DRAIN,YES,BAD,0.40 x 0.40,0.4,0.4,270.669742524,drain_size,drain_size,drain_len,270.67,8683.754
12.94,80.15,BACKGROUND,7186,N14,188,"Madipakkam, Chennai",4.67172,0.87,0.87,0.380705,SWD,YES,GOOD,0.87 x 0.87,0.87,0.87,380.704652016,drain_size,drain_size,drain_len,380.705,4671.72
12.94,80.225,BACKGROUND,7685,N15,195,"Kotivakkam, Chennai",0.687364,0.7,0.7,0.321058,SWD,YES,GOOD,0.70 x 0.70,0.7,0.7,321.058020046,drain_size,drain_size,drain_len,321.058,687.364
12.94,80.295,BACKGROUND,7594,N15,192,"Neelangarai, Chennai",3.903548,0.4,0.4,0.27067,SIDE_DRAIN,YES,BAD,0.40 x 0.40,0.4,0.4,270.669742524,drain_size,drain_size,drain_len,270.67,3903.548
12.945,80.105,BACKGROUND,4244,N12,159,"Meenambakkam, Chennai",7.847284,1.65,1.65,1.140986,SWD,YES,GOOD,1.65 x 1.65,1.65,1.65,1140.98597245,drain_size,drain_size,drain_len,1140.986,7847.284
12.945,80.165,BACKGROUND,7186,N14,188,"Madipakkam, Chennai",2.954208,0.87,0.87,0.380705,SWD,YES,GOOD,0.87 x 0.87,0.87,0.87,380.704652016,drain_size,drain_size,drain_len,380.705,2954.208
12.945,80.24,BACKGROUND,7624,N15,193,"Kotivakkam, Chennai",0.030445,0.66,0.66,0.393024,SIDE_DRAIN,YES,GOOD,0.66 x 0.66,0.66,0.66,393.023553239,drain_size,drain_size,drain_len,393.024,30.445
12.945,80.3,BACKGROUND,7594,N15,192,"Neelangarai, Chennai",4.207499,0.4,0.4,0.27067,SIDE_DRAIN,YES,BAD,0.40 x 0.40,0.4,0.4,270.669742524,drain_size,drain_size,drain_len,270.67,4207.499
12.95,80.11,BACKGROUND,4244,N12,159,"Meenambakkam, Chennai",7.100513,1.65,1.65,1.140986,SWD,YES,GOOD,1.65 x 1.65,1.65,1.65,1140.98597245,drain_size,drain_size,drain_len,1140.986,7100.513
12.95,80.17,BACKGROUND,7186,N14,188,"Madipakkam, Chennai",2.270523,0.87,0.87,0.380705,SWD,YES,GOOD,0.87 x 0.87,0.87,0.87,380.704652016,drain_size,drain_size,drain_len,380.705,2270.523
12.95,80.25,BACKGROUND,7586,N15,192,"Neelangarai, Chennai",0.02227,0.75,0.75,0.147036,SWD,YES,GOOD,0.75 x 0.75,0.75,0.75,147.036020543,drain_size,drain_size,drain_len,147.036,22.27
12.95,80.315,BACKGROUND,7594,N15,192,"Neelangarai, Chennai",5.698941,0.4,0.4,0.27067,SIDE_DRAIN,YES,BAD,0.40 x 0.40,0.4,0.4,270.669742524,drain_size,drain_size,drain_len,270.67,5698.941
12.955,80.12,BACKGROUND,4244,N12,159,"Meenambakkam, Chennai",5.884162,1.65,1.65,1.140986,SWD,YES,GOOD,1.65 x 1.65,1.65,1.65,1140.98597245,drain_size,drain_size,drain_len,1140.986,5884.162
12.955,80.18,BACKGROUND,7151,N14,187,"Madipakkam, Chennai",1.117839,0.75,0.75,0.742285,SWD,YES,GOOD,0.75 x 0.75,0.75,0.75,742.285,drain_size,drain_size,drain_len,742.285,1117.839
12.955,80.28,BACKGROUND,7594,N15,192,"Neelangarai, Chennai",1.868856,0.4,0.4,0.27067,SIDE_DRAIN,YES,BAD,0.40 x 0.40,0.4,0.4,270.669742524,drain_size,drain_size,drain_len,270.67,1868.856
12.955,80.345,BACKGROUND,6324,N14,181,"Kottivakkam, Chennai",8.77844,0.3,0.3,0.208594,SIDE_DRAIN,YES,GOOD,0.30 x 0.30,0.3,0.3,208.594,drain_size,drain_size,drain_len,208.594,8778.44
12.96,80.15,BACKGROUND,4244,N12,159,"Meenambakkam, Chennai",3.009585,1.65,1.65,1.140986,SWD,YES,GOOD,1.65 x 1.65,1.65,1.65,1140.98597245,drain_size,drain_size,drain_len,1140.986,3009.585
12.96,80.255,BACKGROUND,6549,N14,183,"Perungudi, Chennai",0.072844,0.7,0.7,0.326722,SWD,YES,GOOD,0.70 x 0.70,0.7,0.7,326.722,drain_size,drain_size,drain_len,326.722,72.844
12.96,80.32,BACKGROUND,6324,N14,181,"Kottivakkam, Chennai",6.012954,0.3,0.3,0.208594,SIDE_DRAIN,YES,GOOD,0.30 x 0.30,0.3,0.3,208.594,drain_size,drain_size,drain_len,208.594,6012.954
12.965,80.125,BACKGROUND,4244,N12,159,"Meenambakkam, Chennai",4.912259,1.65,1.65,1.140986,SWD,YES,GOOD,1.65 x 1.65,1.65,1.65,1140.98597245,drain_size,drain_size,drain_len,1140.986,4912.259
12.965,80.185,BACKGROUND,5069,N12,167,"Nanganallur, Chennai",0.473753,0.4,0.4,0.047107,SWD,YES,GOOD,0.40 x 0.40,0.4,0.4,47.1072018432,drain_size,drain_size,drain_len,47.107,473.753
12.965,80.29,BACKGROUND,6324,N14,181,"Kottivakkam, Chennai",2.712976,0.3,0.3,0.208594,SIDE_DRAIN,YES,GOOD,0.30 x 0.30,0.3,0.3,208.594,drain_size,drain_size,drain_len,208.594,2712.976
12.97,80.1,BACKGROUND,3852,N12,156,"Ramapuram, Chennai",7.345333,1.05,1.05,0.285659,SWD,YES,GOOD,1.05 x 1.05,1.05,1.05,285.65859935,drain_size,drain_size,drain_len,285.659,7345.333
12.97,80.16,BACKGROUND,4244,N12,159,"Meenambakkam, Chennai",1.480791,1.65,1.65,1.140986,SWD,YES,GOOD,1.65 x 1.65,1.65,1.65,1140.98597245,drain_size,drain_size,drain_len,1140.986,1480.791
12.97,80.27,BACKGROUND,6324,N14,181,"Kottivakkam, Chennai",0.546808,0.3,0.3,0.208594,SIDE_DRAIN,YES,GOOD,0.30 x 0.30,0.3,0.3,208.594,drain_size,drain_size,drain_len,208.594,546.808
12.97,80.335,BACKGROUND,6110,N13,179,"Adayar, Chennai",7.45802,0.76,0.76,0.451446,SWD,YES,GOOD,0.76 x 0.76,0.76,0.76,451.446268571,drain_size,drain_size,drain_len,451.446,7458.02
12.975,80.14,BACKGROUND,4244,N12,159,"Meenambakkam, Chennai",3.021212,1.65,1.65,1.140986,SWD,YES,GOOD,1.65 x 1.65,1.65,1.65,1140.98597245,drain_size,drain_size,drain_len,1140.986,3021.212
12.975,80.265,BACKGROUND,6242,N13,180,"Thiruvanmiyur, Chennai",0.209494,1.21,1.21,0.361499,SWD,YES,GOOD,1.21 x 1.21,1.21,1.21,361.498575215,drain_size,drain_size,drain_len,361.498,209.494
12.975,80.325,BACKGROUND,6110,N13,179,"Adayar, Chennai",6.264766,0.76,0.76,0.451446,SWD,YES,GOOD,0.76 x 0.76,0.76,0.76,451.446268571,drain_size,drain_size,drain_len,451.446,6264.766
12.98,80.135,BACKGROUND,4244,N12,159,"Meenambakkam, Chennai",3.481622,1.65,1.65,1.140986,SWD,YES,GOOD,1.65 x 1.65,1.65,1.65,1140.98597245,drain_size,drain_size,drain_len,1140.986,3481.622
12.98,80.265,BACKGROUND,6252,N13,180,"Thiruvanmiyur, Chennai",0.144506,0.99,0.99,0.141337,SWD,YES,GOOD,0.99 x 0.99,0.99,0.99,141.337483763,drain_size,drain_size,drain_len,141.338,144.506
12.98,80.325,BACKGROUND,6106,N13,179,"Adayar, Chennai",6.147913,1.3,1.3,0.978216,SWD,YES,GOOD,1.3 x 1.3,1.3,1.3,978.215628295,drain_size,drain_size,drain_len,978.216,6147.913
12.985,80.135,BACKGROUND,4244,N12,159,"Meenambakkam, Chennai",3.499871,1.65,1.65,1.140986,SWD,YES,GOOD,1.65 x 1.65,1.65,1.65,1140.98597245,drain_size,drain_size,drain_len,1140.986,3499.871
12.985,80.255,BACKGROUND,5523,N13,173,"Adayar OT,Chennai",0.019346,1.6,1.6,0.472595,SWD,YES,GOOD,1.6 x 1.6,1.6,1.6,472.59491695,drain_size,drain_size,drain_len,472.595,19.346
12.985,80.315,BACKGROUND,6106,N13,179,"Adayar, Chennai",4.958523,1.3,1.3,0.978216,SWD,YES,GOOD,1.3 x 1.3,1.3,1.3,978.215628295,drain_size,drain_size,drain_len,978.216,4958.523
12.99,80.125,BACKGROUND,3852,N12,156,"Ramapuram, Chennai",3.880731,1.05,1.05,0.285659,SWD,YES,GOOD,1.05 x 1.05,1.05,1.05,285.65859935,drain_size,drain_size,drain_len,285.659,3880.731
12.99,80.215,BACKGROUND,5767,N13,175,"Puzhuthivakkam, Chennai",0.028091,3.2,3.2,0.685692,SIDE_DRAIN,YES,GOOD,3.2 x 3.2,3.2,3.2,685.692063177,drain_size,drain_size,drain_len,685.692,28.091
12.99,80.275,BACKGROUND,6110,N13,179,"Adayar, Chennai",0.648141,0.76,0.76,0.451446,SWD,YES,GOOD,0.76 x 0.76,0.76,0.76,451.446268571,drain_size,drain_size,drain_len,451.446,648.141
12.99,80.335,BACKGROUND,6106,N13,179,"Adayar, Chennai",7.019476,1.3,1.3,0.978216,SWD,YES,GOOD,1.3 x 1.3,1.3,1.3,978.215628295,drain_size,drain_size,drain_len,978.216,7019.476
12.995,80.145,BACKGROUND,3867,N12,156,"Ramapuram, Chennai",2.334954,1.5,1.5,0.138984,SWD,YES,GOOD,1.5 x 1.5,1.5,1.5,138.983666916,drain_size,drain_size,drain_len,138.984,2334.954
12.995,80.24,BACKGROUND,6086,N13,178,"Thiruvanmiyur, Chennai",0.480845,0.9,0.9,0.618178,SWD,YES,GOOD,0.9 x 0.9,0.9,0.9,618.17844925,drain_size,drain_size,drain_len,618.178,480.845
12.995,80.315,BACKGROUND,6106,N13,179,"Adayar, Chennai",4.826027,1.3,1.3,0.978216,SWD,YES,GOOD,1.3 x 1.3,1.3,1.3,978.215628295,drain_size,drain_size,drain_len,978.216,4826.027
13.0,80.125,BACKGROUND,3852,N12,156,"Ramapuram, Chennai",3.110422,1.05,1.05,0.285659,SWD,YES,GOOD,1.05 x 1.05,1.05,1.05,285.65859935,drain_size,drain_size,drain_len,285.659,3110.422
13.0,80.185,BACKGROUND,4550,N12,162,"Adambakkam, Chennai",0.684273,0.61,0.61,0.381553,SWD,YES,GOOD,0.61 x 0.61,0.61,0.61,381.552733942,drain_size,drain_size,drain_len,381.553,684.273
13.0,80.285,BACKGROUND,6106,N13,179,"Adayar, Chennai",1.656197,1.3,1.3,0.978216,SWD,YES,GOOD,1.3 x 1.3,1.3,1.3,978.215628295,drain_size,drain_size,drain_len,978.216,1656.197
13.0,80.345,BACKGROUND,5450,N13,171,"Mandaveli, Chennai",7.894849,0.9,0.9,0.366818,SWD,YES,GOOD,0.9 x 0.9,0.91,0.91,366.81836991,drain_size,drain_size,drain_len,366.818,7894.849
13.005,80.155,BACKGROUND,3867,N12,156,"Ramapuram, Chennai",0.913038,1.5,1.5,0.138984,SWD,YES,GOOD,1.5 x 1.5,1.5,1.5,138.983666916,drain_size,drain_size,drain_len,138.984,913.038
13.005,80.23,BACKGROUND,5317,N13,169,"Saidapet, Chennai",0.410068,2.8,2.8,0.092966,SWD,YES,GOOD,2.80 x 2.80,2.8,2.8,92.9659302522,drain_size,drain_size,drain_len,92.966,410.068
13.005,80.305,BACKGROUND,5450,N13,171,"Mandaveli, Chennai",3.655767,0.9,0.9,0.366818,SWD,YES,GOOD,0.9 x 0.9,0.91,0.91,366.81836991,drain_size,drain_size,drain_len,366.818,3655.767
13.01,80.115,BACKGROUND,3837,N12,156,"Ramapuram, Chennai",3.489361,0.85,0.85,0.392999,SWD,YES,GOOD,0.85 x 0.85,0.85,0.85,392.999361458,drain_size,drain_size,drain_len,392.999,3489.361
13.01,80.175,BACKGROUND,4108,N12,157,"Manapakkam, Chennai",0.365257,0.89,0.89,0.087785,SWD,YES,GOOD,0.89X0.89,0.89,0.89,87.784763643,drain_size,drain_size,drain_len,87.785,365.257
13.01,80.28,BACKGROUND,5406,N13,171,"Mandaveli, Chennai",1.188022,1.13,1.13,0.132752,SWD,YES,GOOD,1.13 x 1.13,1.13,1.13,132.751924242,drain_size,drain_size,drain_len,132.752,1188.022
13.01,80.34,BACKGROUND,5450,N13,171,"Mandaveli, Chennai",7.112836,0.9,0.9,0.366818,SWD,YES,GOOD,0.9 x 0.9,0.91,0.91,366.81836991,drain_size,drain_size,drain_len,366.818,7112.836
13.015,80.15,BACKGROUND,3854,N12,156,"Ramapuram, Chennai",0.241538,0.95,0.95,0.174522,SWD,YES,GOOD,0.95 x 0.95,0.95,0.95,174.522345898,drain_size,drain_size,drain_len,174.522,241.538
13.015,80.24,BACKGROUND,5334,N13,169,"Saidapet, Chennai",0.044691,1.2,1.2,1.150055,SWD,YES,BAD,1.2 x 1.2,1.2,1.2,1150.05486897,drain_size,drain_size,drain_len,1150.055,44.691
13.015,80.3,BACKGROUND,5450,N13,171,"Mandaveli, Chennai",2.749046,0.9,0.9,0.366818,SWD,YES,GOOD,0.9 x 0.9,0.91,0.91,366.81836991,drain_size,drain_size,drain_len,366.818,2749.046
13.02,80.11,BACKGROUND,3216,N11,150,"Porur, Chennai",3.787577,0.6,0.6,0.393101,SWD,YES,GOOD,0.6 x 0.6,0.6,0.6,393.100815164,drain_size,drain_size,drain_len,393.101,3787.577
13.02,80.17,BACKGROUND,3931,N12,156,"Ramapuram, Chennai",0.024084,0.5,0.5,0.153707,OPEN_DRAIN,YES,GOOD,0.5 x 0.5,0.5,0.5,153.706661431,drain_size,drain_size,drain_len,153.707,24.084
13.02,80.245,BACKGROUND,5351,N13,170,"CIT Campus, Chennai",0.020615,0.9,0.9,0.218505,SIDE_DRAIN,YES,GOOD,0.9 x 0.9,0.9,0.9,218.505335905,drain_size,drain_size,drain_len,218.505,20.615
13.02,80.305,BACKGROUND,5450,N13,171,"Mandaveli, Chennai",3.219562,0.9,0.9,0.366818,SWD,YES,GOOD,0.9 x 0.9,0.91,0.91,366.81836991,drain_size,drain_size,drain_len,366.818,3219.562
13.025,80.115,BACKGROUND,3216,N11,150,"Porur, Chennai",3.013249,0.6,0.6,0.393101,SWD,YES,GOOD,0.6 x 0.6,0.6,0.6,393.100815164,drain_size,drain_size,drain_len,393.101,3013.249
13.025,80.175,BACKGROUND,3662,N11,154,"Ramapuram, Chennai",0.086558,1.15,1.15,0.48334,SWD,YES,GOOD,1.15 x 1.15,1.15,1.15,483.340238164,drain_size,drain_size,drain_len,483.34,86.558
13.025,80.235,BACKGROUND,2264,N10,141,"T.Nagar, Chennai",0.298776,1.18,1.18,0.369443,SWD,YES,GOOD,1.18 x 1.18,1.18,1.18,369.443497763,drain_size,drain_size,drain_len,369.443,298.776
13.025,80.3,BACKGROUND,1377,N09,125,"Pattinapakkam, Chennai",2.575451,0.8,0.8,0.104015,SWD,YES,GOOD,0.8 x 0.8,0.8,0.8,104.015112545,drain_size,drain_size,drain_len,104.015,2575.451
13.03,80.105,BACKGROUND,3216,N11,150,"Porur, Chennai",3.550422,0.6,0.6,0.393101,SWD,YES,GOOD,0.6 x 0.6,0.6,0.6,393.100815164,drain_size,drain_size,drain_len,393.101,3550.422
13.03,80.165,BACKGROUND,3598,N11,153,"Porur, Chennai",0.044623,0.63,0.63,0.187327,SWD,YES,GOOD,0.63X0.63,0.63,0.63,187.326666659,drain_size,drain_size,drain_len,187.327,44.623
13.03,80.255,BACKGROUND,1297,N09,123,"Mandaveli, Chennai",0.089813,0.87,0.87,0.207937,SWD,YES,GOOD,0.87 x 0.87,0.87,0.87,207.937419054,drain_size,drain_size,drain_len,207.937,89.813
13.03,80.32,BACKGROUND,1376,N09,125,"Pattinapakkam, Chennai",4.548293,0.95,0.95,0.203049,SWD,YES,GOOD,0.95 x 0.95,0.95,0.95,203.04860347,drain_size,drain_size,drain_len,203.049,4548.293
13.035,80.125,BACKGROUND,3216,N11,150,"Porur, Chennai",1.465072,0.6,0.6,0.393101,SWD,YES,GOOD,0.6 x 0.6,0.6,0.6,393.100815164,drain_size,drain_size,drain_len,393.101,1465.072
13.035,80.185,BACKGROUND,3804,N11,155,"Ramapuram, Chennai",0.036799,1.12,1.12,0.356742,SWD,YES,GOOD,1.12 x 1.12,1.12,1.12,356.741550761,drain_size,drain_size,drain_len,356.742,36.799
13.035,80.305,BACKGROUND,1376,N09,125,"Pattinapakkam, Chennai",2.844084,0.95,0.95,0.203049,SWD,YES,GOOD,0.95 x 0.95,0.95,0.95,203.04860347,drain_size,drain_size,drain_len,203.049,2844.084
13.04,80.11,BACKGROUND,3216,N11,150,"Porur, Chennai",2.659754,0.6,0.6,0.393101,SWD,YES,GOOD,0.6 x 0.6,0.6,0.6,393.100815164,drain_size,drain_size,drain_len,393.101,2659.754
13.04,80.17,BACKGROUND,3476,N11,152,"Valasaravakkam, Chennai",0.040308,0.72,0.72,0.154059,SWD,YES,GOOD,0.72 x 0.72,0.72,0.72,154.058541963,drain_size,drain_size,drain_len,154.059,40.308
13.04,80.295,BACKGROUND,1376,N09,125,"Pattinapakkam, Chennai",1.721797,0.95,0.95,0.203049,SWD,YES,GOOD,0.95 x 0.95,0.95,0.95,203.04860347,drain_size,drain_size,drain_len,203.049,1721.797
13.045,80.105,BACKGROUND,3216,N11,150,"Porur, Chennai",3.147053,0.6,0.6,0.393101,SWD,YES,GOOD,0.6 x 0.6,0.6,0.6,393.100815164,drain_size,drain_size,drain_len,393.101,3147.053
13.045,80.165,BACKGROUND,2633,N11,147,"Maduravoyal, Chennai",0.011707,1.27,1.27,0.83068,SWD,YES,GOOD,1.27 x 1.27,1.27,1.27,830.679766934,drain_size,drain_size,drain_len,830.68,11.707
13.045,80.275,BACKGROUND,1148,N09,121,"Pattinapakkam, Chennai",0.069403,0.9,0.9,0.30333,SWD,YES,GOOD,0.9 x 0.9,0.9,0.9,303.330096416,drain_size,drain_size,drain_len,303.33,69.403
13.045,80.34,BACKGROUND,1131,N09,120,"Salegramam, Chennai",6.486035,1.5,1.5,0.16602,SWD,YES,GOOD,1.50 x 1.50,1.5,1.5,166.020405663,drain_size,drain_size,drain_len,166.02,6486.035
13.05,80.145,BACKGROUND,3160,N11,150,"Porur, Chennai",0.181071,0.6,0.6,0.043538,SWD,YES,GOOD,0.6 x 0.6,0.6,0.6,43.5382237123,drain_size,drain_size,drain_len,43.538,181.071
13.05,80.205,BACKGROUND,1677,N10,129,"Vadapalani, Chennai",0.133149,1.44,1.44,1.036224,SWD,YES,GOOD,1.44 x 1.44,1.44,1.44,1036.22427212,drain_size,drain_size,drain_len,1036.224,133.149
13.05,80.305,BACKGROUND,1131,N09,120,"Salegramam, Chennai",2.665518,1.5,1.5,0.16602,SWD,YES,GOOD,1.50 x 1.50,1.5,1.5,166.020405663,drain_size,drain_size,drain_len,166.02,2665.518
13.055,80.115,BACKGROUND,3216,N11,150,"Porur, Chennai",2.286933,0.6,0.6,0.393101,SWD,YES,GOOD,0.6 x 0.6,0.6,0.6,393.100815164,drain_size,drain_size,drain_len,393.101,2286.933
13.055,80.175,BACKGROUND,2432,N11,144,"Koyambedu, Chennai",0.13216,0.82,0.82,0.212403,SWD,YES,GOOD,0.82 x 0.82,0.82,0.82,212.40349916,drain_size,drain_size,drain_len,212.404,132.16
13.055,80.27,BACKGROUND,925,N09,115,"Royapettai, Chennai",0.025051,0.75,0.75,0.234673,SWD,YES,GOOD,0.75 x 0.75,0.75,0.75,234.672737367,drain_size,drain_size,drain_len,234.673,25.051
13.055,80.335,BACKGROUND,8534,N05,060,"Parry's Corner, Chennai",5.610295,1.33,1.33,0.827224,SWD,YES,GOOD,1.33 x 1.33,1.33,1.33,827.224101123,drain_size,drain_size,drain_len,827.224,5610.295
13.06,80.14,BACKGROUND,3214,N11,150,"Porur, Chennai",1.093811,0.45,0.45,0.831434,SWD,YES,GOOD,0.45 x 0.45,0.45,0.45,831.433872074,drain_size,drain_size,drain_len,831.434,1093.811
13.06,80.2,BACKGROUND,1613,N10,129,"Vadapalani, Chennai",0.098699,1.72,1.72,0.28225,SWD,YES,GOOD,1.72 x 1.72,1.72,1.72,282.249741547,drain_size,drain_size,drain_len,282.25,98.699
13.06,80.275,BACKGROUND,913,N09,114,"Chepauk, Chennai",0.069474,1.5,1.5,0.403382,SWD,YES,GOOD,1.5 x 1.5,1.5,1.5,403.38174054,drain_size,drain_size,drain_len,403.382,69.474
13.06,80.34,BACKGROUND,8534,N05,060,"Parry's Corner, Chennai",5.933096,1.33,1.33,0.827224,SWD,YES,GOOD,1.33 x 1.33,1.33,1.33,827.224101123,drain_size,drain_size,drain_len,827.224,5933.096
13.065,80.145,BACKGROUND,3214,N11,150,"Porur, Chennai",1.109,0.45,0.45,0.831434,SWD,YES,GOOD,0.45 x 0.45,0.45,0.45,831.433872074,drain_size,drain_size,drain_len,831.434,1109.0
13.065,80.205,BACKGROUND,1516,N10,127,"Koyambedu, Chennai",0.435024,1.32,1.32,1.452209,SWD,YES,GOOD,1.32 x 1.32,1.32,1.32,1452.20942229,drain_size,drain_size,drain_len,1452.209,435.024
13.065,80.27,BACKGROUND,8438,N05,059,"Sowcarpet, Chennai",0.101991,0.75,0.75,0.438658,SWD,YES,GOOD,0.75 x 0.75,0.75,0.75,438.658190001,drain_size,drain_size,drain_len,438.658,101.991
13.065,80.33,BACKGROUND,8534,N05,060,"Parry's Corner, Chennai",4.727999,1.33,1.33,0.827224,SWD,YES,GOOD,1.33 x 1.33,1.33,1.33,827.224101123,drain_size,drain_size,drain_len,827.224,4727.999
13.07,80.135,BACKGROUND,3214,N11,150,"Porur, Chennai",2.192727,0.45,0.45,0.831434,SWD,YES,GOOD,0.45 x 0.45,0.45,0.45,831.433872074,drain_size,drain_size,drain_len,831.434,2192.727
13.07,80.195,BACKGROUND,1495,N10,127,"Koyambedu, Chennai",0.275071,0.75,0.75,0.342605,SWD,YES,GOOD,0.75 x 0.75,0.75,0.75,342.604738125,drain_size,drain_size,drain_len,342.605,275.071
13.07,80.26,BACKGROUND,8582,N05,061,"Egmore, Chennai",0.100593,1.3,1.3,0.78145,SWD,YES,GOOD,1.3 x 1.3,1.3,1.3,781.450210109,drain_size,drain_size,drain_len,781.45,100.593
13.07,80.32,BACKGROUND,8534,N05,060,"Parry's Corner, Chennai",3.528412,1.33,1.33,0.827224,SWD,YES,GOOD,1.33 x 1.33,1.33,1.33,827.224101123,drain_size,drain_size,drain_len,827.224,3528.412
13.075,80.125,BACKGROUND,9878,N07,086,"Attipattu, Chennai",2.791781,0.96,0.96,0.330573,SWD,YES,GOOD,0.96 x 0.96,0.96,0.96,330.572649167,drain_size,drain_size,drain_len,330.573,2791.781
13.075,80.19,BACKGROUND,2552,N11,145,"Koyembedu, Chennai",0.123226,0.7,0.7,0.975158,SIDE_DRAIN,YES,GOOD,0.70 x 0.70,0.7,0.7,975.158348653,drain_size,drain_size,drain_len,975.158,123.226
13.075,80.25,BACKGROUND,587,N08,108,"Chetpet, Chennai",0.110555,1.62,1.62,0.584116,SWD,YES,GOOD,1.62 x 1.62,1.62,1.62,584.11559026721,drain_size,drain_size,drain_len,584.116,110.555
13.075,80.31,BACKGROUND,8534,N05,060,"Parry's Corner, Chennai",2.341429,1.33,1.33,0.827224,SWD,YES,GOOD,1.33 x 1.33,1.33,1.33,827.224101123,drain_size,drain_size,drain_len,827.224,2341.429
13.08,80.12,BACKGROUND,9878,N07,086,"Attipattu, Chennai",2.931602,0.96,0.96,0.330573,SWD,YES,GOOD,0.96 x 0.96,0.96,0.96,330.572649167,drain_size,drain_size,drain_len,330.573,2931.602
13.08,80.18,BACKGROUND,10421,N07,092,"Wavin, Chennai",0.041908,1.47,1.47,0.359491,SWD,YES,GOOD,1.47 x 1.47,1.47,1.47,359.491397167,drain_size,drain_size,drain_len,359.491,41.908
13.08,80.24,BACKGROUND,95,N08,100,"Kilpauk, Chennai",0.126942,1.05,1.05,0.436641,SWD,YES,GOOD,1.05 x 1.05,1.05,1.05,436.6413039002,drain_size,drain_size,drain_len,436.641,126.942
13.08,80.3,BACKGROUND,8534,N05,060,"Parry's Corner, Chennai",1.177394,1.33,1.33,0.827224,SWD,YES,GOOD,1.33 x 1.33,1.33,1.33,827.224101123,drain_size,drain_size,drain_len,827.224,1177.394
13.085,80.11,BACKGROUND,9887,N07,086,"Attipattu, Chennai",3.607001,0.97,0.97,1.41305,SIDE_DRAIN,YES,GOOD,0.97 x 0.97,0.97,0.97,1413.05042698,drain_size,drain_size,drain_len,1413.05,3607.001
13.085,80.17,BACKGROUND,10410,N07,091,"Reddipalaiyam(Mogappair West), Chennai",0.007186,0.9,0.9,0.432003,SWD,YES,GOOD,0.90 x 0.90,1.08,0.9,432.002728838,drain_size,drain_size,drain_len,432.003,7.186
13.085,80.23,BACKGROUND,171,N08,101,"Kilpauk, Chennai",0.198874,1.2,1.2,0.88672,SWD,YES,GOOD,1.20 x 1.20,1.2,1.2,886.720242286,drain_size,drain_size,drain_len,886.72,198.874
13.085,80.295,BACKGROUND,8536,N05,060,"Parry's Corner, Chennai",0.595918,0.4,0.4,0.298092,SWD,YES,GOOD,0.40 x 0.40,0.4,0.4,298.091591627,drain_size,drain_size,drain_len,298.092,595.918
13.09,80.1,BACKGROUND,9887,N07,086,"Attipattu, Chennai",4.484032,0.97,0.97,1.41305,SIDE_DRAIN,YES,GOOD,0.97 x 0.97,0.97,0.97,1413.05042698,drain_size,drain_size,drain_len,1413.05,4484.032
13.09,80.16,BACKGROUND,9864,N07,086,"Attipattu, Chennai",0.062525,0.45,0.45,0.172436,SIDE_DRAIN,YES,GOOD,0.45 x 0.45,0.45,0.45,172.435724963,drain_size,drain_size,drain_len,172.436,62.525
13.09,80.22,BACKGROUND,235,N08,102,"Arumbakkam, Chennai",0.033992,0.91,0.91,0.159721,SWD,YES,GOOD,0.91 x 0.91,0.91,0.91,159.72099837916,drain_size,drain_size,drain_len,159.721,33.992
13.09,80.285,BACKGROUND,8329,N05,057,"Sowcarpet, Chennai",0.005463,0.97,0.97,0.315811,SWD,YES,GOOD,0.97 x 0.97,0.97,0.97,315.811397049,drain_size,drain_size,drain_len,315.811,5.463
13.09,80.345,BACKGROUND,8537,N05,060,"Parry's Corner, Chennai",5.605818,0.75,0.75,1.605529,SWD,YES,GOOD,0.75 x 0.75,0.75,0.75,1605.52881145,drain_size,drain_size,drain_len,1605.529,5605.818
13.095,80.15,BACKGROUND,9893,N07,086,"Attipattu, Chennai",0.060447,1.26,1.26,0.247139,SWD,YES,GOOD,1.26 x 1.26,1.26,1.26,247.138589251,drain_size,drain_size,drain_len,247.139,60.447
13.095,80.23,BACKGROUND,10664,N08,097,"Ayanavaram, Chennai",0.098954,0.9,0.9,0.086774,SWD,YES,GOOD,0.9X0.9,0.9,0.9,86.77369993892,drain_size,drain_size,drain_len,86.774,98.954
13.095,80.29,BACKGROUND,8519,N05,060,"Parry's Corner, Chennai",0.171148,1.32,1.32,0.23478,SWD,YES,GOOD,1.32 x 1.32,1.32,1.32,234.779799012,drain_size,drain_size,drain_len,234.78,171.148
13.095,80.35,BACKGROUND,8211,N05,050,"Rayapuram, Chennai",5.967516,0.71,0.71,0.068336,SWD,YES,GOOD,0.71 x 0.71,0.71,0.71,68.335866482,drain_size,drain_size,drain_len,68.336,5967.516
13.1,80.155,BACKGROUND,9948,N07,086,"Attipattu, Chennai",0.120239,1.14,1.14,0.290147,SWD,YES,GOOD,1.14 x 1.14,1.14,1.14,290.146648589,drain_size,drain_size,drain_len,290.147,120.239
13.1,80.255,BACKGROUND,9100,N06,073,"Pulianthope, Chennai",0.08067,1.74,1.74,0.299335,SWD,YES,GOOD,1.74 x 1.74,1.74,1.74,299.334889924,drain_size,drain_size,drain_len,299.335,80.67
13.1,80.315,BACKGROUND,8537,N05,060,"Parry's Corner, Chennai",2.208764,0.75,0.75,1.605529,SWD,YES,GOOD,0.75 x 0.75,0.75,0.75,1605.52881145,drain_size,drain_size,drain_len,1605.529,2208.764
13.105,80.12,BACKGROUND,9887,N07,086,"Attipattu, Chennai",2.366562,0.97,0.97,1.41305,SIDE_DRAIN,YES,GOOD,0.97 x 0.97,0.97,0.97,1413.05042698,drain_size,drain_size,drain_len,1413.05,2366.562
13.105,80.2,BACKGROUND,10553,N08,094,"Villivakkam, Chennai",0.074206,1.38,1.38,0.168712,SWD,YES,GOOD,1.38 x 1.38,1.38,1.38,168.712288588,drain_size,drain_size,drain_len,168.712,74.206
13.105,80.28,BACKGROUND,8313,N05,055,"Mannady, Chennai",0.011506,1.09,1.09,0.505927,SWD,YES,GOOD,1.09X1.09,1.09,1.09,505.927305973,drain_size,drain_size,drain_len,505.927,11.506
13.105,80.34,BACKGROUND,8211,N05,050,"Rayapuram, Chennai",4.676239,0.71,0.71,0.068336,SWD,YES,GOOD,0.71 x 0.71,0.71,0.71,68.335866482,drain_size,drain_size,drain_len,68.336,4676.239
13.11,80.145,BACKGROUND,9722,N07,085,"Ambattur, Chennai",0.425077,0.6,0.6,0.21793,SIDE_DRAIN,YES,BAD,0.60 x 0.60,0.6,0.6,217.93,drain_size,drain_size,drain_len,217.93,425.077
13.11,80.235,BACKGROUND,8972,N06,069,"Perambur, Chennai",0.110605,1.16,1.16,0.188431,SWD,YES,GOOD,1.16 x 1.16,1.16,1.16,188.430760628,drain_size,drain_size,drain_len,188.431,110.605
13.11,80.295,BACKGROUND,8219,N05,050,"Rayapuram, Chennai",0.00928,1.2,1.2,0.186371,SWD,YES,GOOD,1.20 x 1.20,1.2,1.2,186.371376781,drain_size,drain_size,drain_len,186.371,9.28
13.115,80.1,BACKGROUND,9402,N07,081,"Ambattur OT, Chennai",4.609316,0.75,0.75,0.569865,SWD,YES,GOOD,0.75 x 0.75,0.75,0.75,569.865,drain_size,drain_size,drain_len,569.865,4609.316
13.115,80.18,BACKGROUND,9666,N07,084,"Pattaravakkam, Chennai",0.173035,1.2,1.2,0.117011,SIDE_DRAIN,YES,GOOD,1.20 x 1.20,1.2,1.2,117.011,drain_size,drain_size,drain_len,117.011,173.035
13.115,80.255,BACKGROUND,11444,N04,045,"Vyasarpadi, Chennai",0.105548,0.61,0.61,0.193745,SWD,YES,GOOD,0.61 x 0.61,0.61,0.61,193.745180521,drain_size,drain_size,drain_len,193.745,105.548
13.115,80.315,BACKGROUND,8203,N05,050,"Rayapuram, Chennai",1.945801,1.36,1.36,0.253995,SWD,YES,GOOD,1.36 x 1.36,1.36,1.36,253.995350352,drain_size,drain_size,drain_len,253.995,1945.801
13.12,80.12,BACKGROUND,9402,N07,081,"Ambattur OT, Chennai",2.477105,0.75,0.75,0.569865,SWD,YES,GOOD,0.75 x 0.75,0.75,0.75,569.865,drain_size,drain_size,drain_len,569.865,2477.105
13.12,80.21,BACKGROUND,8700,N06,065,"Villivakkam, Chennai",0.005376,0.75,0.75,0.300747,SWD,YES,GOOD,0.75 x 0.75,0.75,0.75,300.747261777,drain_size,drain_size,drain_len,300.747,5.376
13.12,80.27,BACKGROUND,11463,N04,046,"Vyasarpadi, Chennai",0.224961,1.2,1.2,0.381797,SWD,YES,GOOD,1.20 x 1.20,1.2,1.2,381.797,drain_size,drain_size,drain_len,381.797,224.961
13.12,80.33,BACKGROUND,8203,N05,050,"Rayapuram, Chennai",3.477718,1.36,1.36,0.253995,SWD,YES,GOOD,1.36 x 1.36,1.36,1.36,253.995350352,drain_size,drain_size,drain_len,253.995,3477.718
13.125,80.14,BACKGROUND,9402,N07,081,"Ambattur OT, Chennai",0.617685,0.75,0.75,0.569865,SWD,YES,GOOD,0.75 x 0.75,0.75,0.75,569.865,drain_size,drain_size,drain_len,569.865,617.685
13.125,80.23,BACKGROUND,8828,N06,066,"Perambur, Chennai",0.034172,0.8,0.8,0.199013,SWD,YES,GOOD,0.8 x 0.8,0.8,0.8,199.013381289,drain_size,drain_size,drain_len,199.013,34.172
13.125,80.29,BACKGROUND,11350,N04,042,"Washermanpet, Chennai",0.107938,1.0,1.0,0.128583,SWD,YES,GOOD,1.00 x 1.00,1.0,1.0,128.583235566,drain_size,drain_size,drain_len,128.583,107.938
13.125,80.35,BACKGROUND,8203,N05,050,"Rayapuram, Chennai",5.659015,1.36,1.36,0.253995,SWD,YES,GOOD,1.36 x 1.36,1.36,1.36,253.995350352,drain_size,drain_size,drain_len,253.995,5659.015
13.13,80.16,BACKGROUND,9320,N07,080,"Oragadam, Chennai",0.129655,0.3,0.3,0.136897,SIDE_DRAIN,YES,BAD,0.30 x 0.30,0.3,0.3,136.897,drain_size,drain_size,drain_len,136.897,129.655
13.13,80.255,BACKGROUND,11088,N04,036,"Vyasarpadi, Chennai",0.051444,1.12,1.12,0.827357,SWD,YES,GOOD,1.12 x 1.12,1.12,1.12,827.356877447,drain_size,drain_size,drain_len,827.357,51.444
13.13,80.315,BACKGROUND,11288,N04,039,"New Washermanpet, Chennai",1.99181,1.35,1.35,1.09466,SWD,YES,GOOD,1.35 x 1.35,1.35,1.35,1094.65995315,drain_size,drain_size,drain_len,1094.66,1991.81
13.135,80.125,BACKGROUND,9261,N07,079,"Oragadam, Chennai",2.395492,0.39,0.39,0.127403,SIDE_DRAIN,YES,GOOD,0.39 x 0.39,0.39,0.39,127.403,drain_size,drain_size,drain_len,127.403,2395.492
13.135,80.225,BACKGROUND,10901,N03,029,"Ponniammanmedu, Chennai",0.025863,0.75,0.75,0.398703,SWD,YES,GOOD,0.75 x 0.75,0.75,0.75,398.703324125,drain_size,drain_size,drain_len,398.703,25.863
13.135,80.285,BACKGROUND,11306,N04,040,"Tondiarpet, Chennai",0.047247,1.25,1.25,1.347813,SIDE_DRAIN,YES,BAD,1.25 x 1.25,1.25,1.25,1347.8131101,drain_size,drain_size,drain_len,1347.813,47.247
13.135,80.345,BACKGROUND,2218,N01,014,Tiruchanankuppam,4.873297,0.7,0.7,0.131823,SWD,YES,GOOD,0.70 x 0.70,0.7,0.7,131.8229999999804,drain_size,drain_size,drain_len,131.823,4873.297
13.14,80.155,BACKGROUND,9256,N07,079,"Oragadam, Chennai",0.096005,0.4,0.4,0.177586,SIDE_DRAIN,YES,BAD,0.40 x 0.40,0.4,0.4,177.586,drain_size,drain_size,drain_len,177.586,96.005
13.14,80.245,BACKGROUND,11038,N04,034,"Madhavaram, Chennai",0.183539,0.75,0.75,0.265362,SWD,YES,GOOD,0.75 x 0.75,0.75,0.75,265.362,drain_size,drain_size,drain_len,265.362,183.539
13.14,80.315,BACKGROUND,2217,N01,014,Tondiarpet,1.673121,0.8,0.8,0.330519,SWD,YES,GOOD,0.8 x 0.8,0.8,0.8,330.5190000000438,drain_size,drain_size,drain_len,330.519,1673.121
13.145,80.125,BACKGROUND,9257,N07,079,"Oragadam, Chennai",2.735225,0.4,0.4,0.542699,SIDE_DRAIN,YES,GOOD,0.40 x 0.40,0.4,0.4,542.699,drain_size,drain_size,drain_len,542.699,2735.225
13.145,80.2,BACKGROUND,10965,N03,031,"Moorthi Nagar, Chennai",0.049071,0.4,0.4,2.038782,SIDE_DRAIN,YES,GOOD,0.40 x 0.40,0.4,0.4,2038.78216201,drain_size,drain_size,drain_len,2038.782,49.071
13.145,80.295,BACKGROUND,2220,N01,014,Tondiarpet,0.198181,1.18,1.18,0.25061,SWD,YES,GOOD,1.18 x 1.18,1.18,1.18,250.60966857999063,drain_size,drain_size,drain_len,250.61,198.181
13.15,80.1,BACKGROUND,9257,N07,079,"Oragadam, Chennai",5.440882,0.4,0.4,0.542699,SIDE_DRAIN,YES,GOOD,0.40 x 0.40,0.4,0.4,542.699,drain_size,drain_size,drain_len,542.699,5440.882
13.15,80.165,BACKGROUND,9256,N07,079,"Oragadam, Chennai",1.412353,0.4,0.4,0.177586,SIDE_DRAIN,YES,BAD,0.40 x 0.40,0.4,0.4,177.586,drain_size,drain_size,drain_len,177.586,1412.353
13.15,80.25,BACKGROUND,10849,N03,027,"Krishnan Nagar, Chennai.",0.682186,0.63,0.63,1.014272,SIDE_DRAIN,YES,GOOD,0.63 x 0.63,0.63,0.63,1014.2720203,drain_size,drain_size,drain_len,1014.272,682.186
13.15,80.325,BACKGROUND,642,N01,011,Tiruchanankuppam,2.295312,0.75,0.75,0.365946,SWD,YES,GOOD,0.75 x 0.75,0.75,0.75,365.9459999996406,drain_size,drain_size,drain_len,365.946,2295.312
13.155,80.135,BACKGROUND,9257,N07,079,"Oragadam, Chennai",2.747958,0.4,0.4,0.542699,SIDE_DRAIN,YES,GOOD,0.40 x 0.40,0.4,0.4,542.699,drain_size,drain_size,drain_len,542.699,2747.958
13.155,80.195,BACKGROUND,10973,N03,031,"Moorthi Nagar, Chennai",0.792398,0.4,0.4,0.270762,SWD,YES,GOOD,0.40 x 0.40,0.4,0.4,270.761909491,drain_size,drain_size,drain_len,270.762,792.398
13.155,80.285,BACKGROUND,640,N01,011,Tiruchanankuppam,1.428996,1.05,1.05,0.228712,SWD,YES,GOOD,1.05 x 1.05,1.05,1.05,228.71171614917677,drain_size,drain_size,drain_len,228.712,1428.996
13.155,80.35,BACKGROUND,9265,N01,008,"Tiruvottiyur, Chennai",4.613592,1.8,1.8,0.426807,SIDE_DRAIN,YES,GOOD,1.8 x 1.8,1.8,1.8,426.8069602600307,drain_size,drain_size,drain_len,426.807,4613.592
